rules-processing,2025-12-23_14:45:02,101.46%,242.8MiB / 7.654GiB,3.10%,2.81MB / 1.25MB,136MB / 295kB
rules-processing,2025-12-23_14:45:13,88.35%,242.3MiB / 7.654GiB,3.09%,2.95MB / 1.31MB,136MB / 307kB
rules-processing,2025-12-23_14:45:25,105.98%,243.1MiB / 7.654GiB,3.10%,3.09MB / 1.37MB,136MB / 307kB
rules-processing,2025-12-23_14:45:37,95.98%,243.3MiB / 7.654GiB,3.10%,3.23MB / 1.43MB,136MB / 319kB
rules-processing,2025-12-23_14:45:48,101.33%,243.7MiB / 7.654GiB,3.11%,3.37MB / 1.49MB,136MB / 332kB
rules-processing,2025-12-23_14:46:00,90.53%,243.6MiB / 7.654GiB,3.11%,3.53MB / 1.56MB,136MB / 344kB
rules-processing,2025-12-23_14:46:12,106.28%,243.8MiB / 7.654GiB,3.11%,3.67MB / 1.62MB,136MB / 344kB
rules-processing,2025-12-23_14:46:24,107.63%,243MiB / 7.654GiB,3.10%,3.81MB / 1.68MB,136MB / 356kB
rules-processing,2025-12-23_14:46:36,92.13%,243.6MiB / 7.654GiB,3.11%,3.94MB / 1.73MB,136MB / 369kB
rules-processing,2025-12-23_14:46:47,105.70%,243.9MiB / 7.654GiB,3.11%,4.09MB / 1.81MB,136MB / 369kB
rules-processing,2025-12-23_14:46:59,98.08%,256.8MiB / 7.654GiB,3.28%,4.25MB / 1.88MB,136MB / 381kB
rules-processing,2025-12-23_14:47:11,103.34%,279.1MiB / 7.654GiB,3.56%,4.4MB / 1.94MB,136MB / 393kB
rules-processing,2025-12-23_14:47:23,103.11%,279.5MiB / 7.654GiB,3.57%,4.54MB / 2MB,136MB / 406kB
rules-processing,2025-12-23_14:47:35,106.96%,279.9MiB / 7.654GiB,3.57%,4.68MB / 2.06MB,136MB / 406kB
rules-processing,2025-12-23_14:47:47,103.35%,279.8MiB / 7.654GiB,3.57%,4.82MB / 2.13MB,136MB / 418kB
rules-processing,2025-12-23_14:47:58,78.54%,280.4MiB / 7.654GiB,3.58%,4.96MB / 2.19MB,136MB / 430kB
rules-processing,2025-12-23_14:48:10,82.28%,262.5MiB / 7.654GiB,3.35%,5.1MB / 2.25MB,136MB / 442kB
rules-processing,2025-12-23_14:48:23,98.96%,260.3MiB / 7.654GiB,3.32%,5.23MB / 2.31MB,136MB / 442kB
rules-processing,2025-12-23_14:48:34,89.10%,260.5MiB / 7.654GiB,3.32%,5.37MB / 2.37MB,136MB / 455kB
rules-processing,2025-12-23_14:48:46,108.30%,261MiB / 7.654GiB,3.33%,5.51MB / 2.43MB,136MB / 467kB
rules-processing,2025-12-23_14:48:58,97.52%,261.3MiB / 7.654GiB,3.33%,5.64MB / 2.49MB,136MB / 467kB
rules-processing,2025-12-23_14:49:09,102.52%,261.5MiB / 7.654GiB,3.34%,5.79MB / 2.55MB,136MB / 479kB
rules-processing,2025-12-23_14:49:21,88.99%,261.9MiB / 7.654GiB,3.34%,5.94MB / 2.62MB,136MB / 492kB
rules-processing,2025-12-23_14:49:34,106.06%,261.8MiB / 7.654GiB,3.34%,6.08MB / 2.68MB,136MB / 504kB
rules-processing,2025-12-23_14:49:45,105.46%,262.2MiB / 7.654GiB,3.35%,6.22MB / 2.74MB,136MB / 516kB
rules-processing,2025-12-23_14:49:57,96.41%,263.8MiB / 7.654GiB,3.37%,6.36MB / 2.8MB,136MB / 516kB
rules-processing,2025-12-23_14:50:09,105.55%,261.3MiB / 7.654GiB,3.33%,6.5MB / 2.86MB,136MB / 528kB
rules-processing,2025-12-23_14:50:20,102.16%,262.2MiB / 7.654GiB,3.35%,6.66MB / 2.94MB,136MB / 541kB
rules-processing,2025-12-23_14:50:33,106.90%,262.6MiB / 7.654GiB,3.35%,6.8MB / 3MB,136MB / 541kB
rules-processing,2025-12-23_14:50:44,100.57%,228MiB / 7.654GiB,2.91%,6.94MB / 3.06MB,136MB / 553kB
rules-processing,2025-12-23_14:50:56,96.42%,227.6MiB / 7.654GiB,2.90%,7.11MB / 3.14MB,136MB / 565kB
rules-processing,2025-12-23_14:51:07,105.82%,227.5MiB / 7.654GiB,2.90%,7.27MB / 3.22MB,136MB / 578kB
rules-processing,2025-12-23_14:51:19,91.00%,227.6MiB / 7.654GiB,2.90%,7.41MB / 3.28MB,136MB / 578kB
rules-processing,2025-12-23_14:51:32,108.04%,227.8MiB / 7.654GiB,2.91%,7.57MB / 3.35MB,136MB / 590kB
rules-processing,2025-12-23_14:51:44,95.29%,226.9MiB / 7.654GiB,2.90%,7.69MB / 3.41MB,136MB / 602kB
rules-processing,2025-12-23_14:51:55,103.77%,228.1MiB / 7.654GiB,2.91%,7.83MB / 3.46MB,136MB / 602kB
rules-processing,2025-12-23_14:52:07,101.29%,227.2MiB / 7.654GiB,2.90%,7.97MB / 3.52MB,136MB / 614kB
rules-processing,2025-12-23_14:52:19,95.71%,227.4MiB / 7.654GiB,2.90%,8.14MB / 3.6MB,136MB / 627kB
rules-processing,2025-12-23_14:52:32,105.36%,227.7MiB / 7.654GiB,2.91%,8.28MB / 3.66MB,136MB / 639kB
rules-processing,2025-12-23_14:52:44,75.83%,228.2MiB / 7.654GiB,2.91%,8.42MB / 3.72MB,136MB / 651kB
rules-processing,2025-12-23_14:52:56,100.39%,228.8MiB / 7.654GiB,2.92%,8.54MB / 3.77MB,136MB / 651kB
rules-processing,2025-12-23_14:53:07,104.83%,232.3MiB / 7.654GiB,2.96%,8.7MB / 3.84MB,136MB / 664kB
rules-processing,2025-12-23_14:53:19,99.55%,238MiB / 7.654GiB,3.04%,8.88MB / 3.93MB,136MB / 676kB
rules-processing,2025-12-23_14:53:32,104.27%,239.8MiB / 7.654GiB,3.06%,9.05MB / 4.01MB,136MB / 688kB
rules-processing,2025-12-23_14:53:43,99.44%,243.2MiB / 7.654GiB,3.10%,9.22MB / 4.1MB,136MB / 713kB
rules-processing,2025-12-23_14:53:55,103.88%,244.3MiB / 7.654GiB,3.12%,9.4MB / 4.18MB,136MB / 2.08MB
rules-processing,2025-12-23_14:54:07,104.29%,240.9MiB / 7.654GiB,3.07%,9.56MB / 4.26MB,136MB / 4.29MB
rules-processing,2025-12-23_14:54:18,85.36%,238.9MiB / 7.654GiB,3.05%,9.71MB / 4.33MB,136MB / 5.67MB
rules-processing,2025-12-23_14:54:30,107.25%,233.3MiB / 7.654GiB,2.98%,9.88MB / 4.4MB,137MB / 5.71MB
rules-processing,2025-12-23_14:54:43,96.08%,233.4MiB / 7.654GiB,2.98%,10MB / 4.47MB,137MB / 5.71MB
rules-processing,2025-12-23_14:54:54,104.12%,233.5MiB / 7.654GiB,2.98%,10.2MB / 4.54MB,137MB / 5.73MB
rules-processing,2025-12-23_14:55:06,101.56%,233.7MiB / 7.654GiB,2.98%,10.3MB / 4.61MB,137MB / 5.74MB
rules-processing,2025-12-23_14:55:17,99.51%,233.8MiB / 7.654GiB,2.98%,10.5MB / 4.69MB,137MB / 5.74MB
rules-processing,2025-12-23_14:55:29,95.64%,232.1MiB / 7.654GiB,2.96%,10.7MB / 4.75MB,137MB / 6.57MB
rules-processing,2025-12-23_14:55:42,98.84%,230.5MiB / 7.654GiB,2.94%,10.8MB / 4.81MB,137MB / 9.18MB
rules-processing,2025-12-23_14:55:54,100.51%,229.6MiB / 7.654GiB,2.93%,11MB / 4.89MB,137MB / 9.2MB
rules-processing,2025-12-23_14:56:06,98.06%,228MiB / 7.654GiB,2.91%,11.1MB / 4.96MB,137MB / 10.7MB
rules-processing,2025-12-23_14:56:18,103.71%,226.1MiB / 7.654GiB,2.88%,11.2MB / 5.03MB,137MB / 15.3MB
rules-processing,2025-12-23_14:56:29,101.54%,223.2MiB / 7.654GiB,2.85%,11.4MB / 5.08MB,137MB / 17.4MB
rules-processing,2025-12-23_14:56:42,103.37%,220.5MiB / 7.654GiB,2.81%,11.5MB / 5.13MB,137MB / 23.3MB
rules-processing,2025-12-23_14:56:54,104.72%,218.4MiB / 7.654GiB,2.79%,11.6MB / 5.18MB,137MB / 29.6MB
rules-processing,2025-12-23_14:57:05,100.33%,203.1MiB / 7.654GiB,2.59%,11.8MB / 5.25MB,137MB / 31.4MB
rules-processing,2025-12-23_14:57:17,101.05%,204.6MiB / 7.654GiB,2.61%,11.9MB / 5.31MB,137MB / 31.5MB
rules-processing,2025-12-23_14:57:29,106.14%,204.8MiB / 7.654GiB,2.61%,12MB / 5.37MB,137MB / 31.5MB
rules-processing,2025-12-23_14:57:42,68.06%,204.9MiB / 7.654GiB,2.61%,12.2MB / 5.43MB,137MB / 31.5MB
rules-processing,2025-12-23_14:57:54,100.08%,205.1MiB / 7.654GiB,2.62%,12.3MB / 5.47MB,137MB / 31.5MB
rules-processing,2025-12-23_14:58:06,93.34%,205.3MiB / 7.654GiB,2.62%,12.4MB / 5.52MB,137MB / 31.5MB
rules-processing,2025-12-23_14:58:18,97.37%,206.3MiB / 7.654GiB,2.63%,12.5MB / 5.58MB,137MB / 31.5MB
rules-processing,2025-12-23_14:58:29,102.10%,205.3MiB / 7.654GiB,2.62%,12.7MB / 5.63MB,137MB / 31.5MB
rules-processing,2025-12-23_14:58:42,97.13%,205.4MiB / 7.654GiB,2.62%,12.8MB / 5.69MB,137MB / 31.5MB
rules-processing,2025-12-23_14:58:54,104.02%,205.6MiB / 7.654GiB,2.62%,12.9MB / 5.75MB,137MB / 31.5MB
rules-processing,2025-12-23_14:59:05,99.85%,206MiB / 7.654GiB,2.63%,13.1MB / 5.8MB,137MB / 31.5MB
rules-processing,2025-12-23_14:59:17,75.00%,205.9MiB / 7.654GiB,2.63%,13.2MB / 5.86MB,137MB / 31.6MB
rules-processing,2025-12-23_14:59:29,93.47%,206MiB / 7.654GiB,2.63%,13.3MB / 5.91MB,137MB / 31.6MB
rules-processing,2025-12-23_14:59:40,103.34%,205MiB / 7.654GiB,2.62%,13.5MB / 5.96MB,137MB / 33.2MB
rules-processing,2025-12-23_14:59:53,104.80%,196.5MiB / 7.654GiB,2.51%,13.6MB / 6.02MB,137MB / 42MB
rules-processing,2025-12-23_15:00:05,80.46%,194.2MiB / 7.654GiB,2.48%,13.7MB / 6.08MB,137MB / 43.8MB
rules-processing,2025-12-23_15:00:16,90.90%,205.5MiB / 7.654GiB,2.62%,13.9MB / 6.14MB,137MB / 44.9MB
rules-processing,2025-12-23_15:00:28,101.88%,206MiB / 7.654GiB,2.63%,14MB / 6.18MB,137MB / 45.1MB
rules-processing,2025-12-23_15:00:40,106.81%,199.9MiB / 7.654GiB,2.55%,14.1MB / 6.24MB,137MB / 45.1MB
rules-processing,2025-12-23_15:00:52,99.39%,200.1MiB / 7.654GiB,2.55%,14.2MB / 6.3MB,137MB / 45.1MB
rules-processing,2025-12-23_15:01:04,70.29%,200.3MiB / 7.654GiB,2.56%,14.4MB / 6.35MB,137MB / 45.1MB
rules-processing,2025-12-23_15:01:16,98.67%,200.7MiB / 7.654GiB,2.56%,14.5MB / 6.41MB,138MB / 45.1MB
rules-processing,2025-12-23_15:01:27,94.37%,200.7MiB / 7.654GiB,2.56%,14.6MB / 6.47MB,138MB / 45.1MB
rules-processing,2025-12-23_15:01:39,107.25%,201MiB / 7.654GiB,2.56%,14.8MB / 6.53MB,138MB / 45.1MB
rules-processing,2025-12-23_15:01:51,99.64%,201.2MiB / 7.654GiB,2.57%,14.9MB / 6.59MB,138MB / 45.2MB
rules-processing,2025-12-23_15:02:03,95.13%,201.3MiB / 7.654GiB,2.57%,15.1MB / 6.65MB,138MB / 45.2MB
rules-processing,2025-12-23_15:02:14,104.20%,201.2MiB / 7.654GiB,2.57%,15.2MB / 6.71MB,138MB / 45.2MB
rules-processing,2025-12-23_15:02:26,103.63%,201.3MiB / 7.654GiB,2.57%,15.3MB / 6.76MB,138MB / 45.2MB
rules-processing,2025-12-23_15:02:38,102.35%,201.5MiB / 7.654GiB,2.57%,15.4MB / 6.81MB,138MB / 45.2MB
rules-processing,2025-12-23_15:02:49,98.38%,201.7MiB / 7.654GiB,2.57%,15.6MB / 6.86MB,138MB / 45.2MB
rules-processing,2025-12-23_15:03:02,107.45%,201.8MiB / 7.654GiB,2.58%,15.7MB / 6.92MB,138MB / 45.2MB
rules-processing,2025-12-23_15:03:14,102.03%,202MiB / 7.654GiB,2.58%,15.8MB / 6.97MB,138MB / 45.2MB
rules-processing,2025-12-23_15:03:26,106.38%,202.1MiB / 7.654GiB,2.58%,15.9MB / 7.03MB,138MB / 45.2MB
rules-processing,2025-12-23_15:03:37,92.59%,201.3MiB / 7.654GiB,2.57%,16.1MB / 7.08MB,138MB / 47MB
rules-processing,2025-12-23_15:03:49,98.60%,199.5MiB / 7.654GiB,2.55%,16.2MB / 7.14MB,138MB / 48.5MB
rules-processing,2025-12-23_15:04:02,101.80%,198.1MiB / 7.654GiB,2.53%,16.3MB / 7.18MB,138MB / 49.8MB
rules-processing,2025-12-23_15:04:14,90.80%,196.1MiB / 7.654GiB,2.50%,16.4MB / 7.24MB,138MB / 51.5MB
rules-processing,2025-12-23_15:04:26,81.68%,196.2MiB / 7.654GiB,2.50%,16.5MB / 7.28MB,138MB / 51.9MB
rules-processing,2025-12-23_15:04:38,101.20%,195.6MiB / 7.654GiB,2.50%,16.7MB / 7.32MB,138MB / 52.5MB
rules-processing,2025-12-23_15:04:50,97.79%,195.4MiB / 7.654GiB,2.49%,16.8MB / 7.38MB,138MB / 52.5MB
rules-processing,2025-12-23_15:05:02,99.67%,200.4MiB / 7.654GiB,2.56%,16.9MB / 7.43MB,138MB / 53.8MB
rules-processing,2025-12-23_15:05:14,108.73%,188.6MiB / 7.654GiB,2.41%,17.1MB / 7.5MB,138MB / 53.8MB
rules-processing,2025-12-23_15:05:26,97.01%,188.7MiB / 7.654GiB,2.41%,17.2MB / 7.54MB,138MB / 53.8MB
rules-processing,2025-12-23_15:05:37,106.77%,191MiB / 7.654GiB,2.44%,17.3MB / 7.6MB,138MB / 53.8MB
rules-processing,2025-12-23_15:05:49,95.27%,189.3MiB / 7.654GiB,2.42%,17.5MB / 7.67MB,138MB / 53.8MB
rules-processing,2025-12-23_15:06:02,105.79%,189.2MiB / 7.654GiB,2.41%,17.6MB / 7.76MB,139MB / 53.8MB
rules-processing,2025-12-23_15:06:14,120.06%,189.6MiB / 7.654GiB,2.42%,17.8MB / 7.83MB,139MB / 53.8MB
rules-processing,2025-12-23_15:06:26,96.85%,189.5MiB / 7.654GiB,2.42%,17.9MB / 7.89MB,139MB / 53.8MB
rules-processing,2025-12-23_15:06:37,104.00%,189.7MiB / 7.654GiB,2.42%,18.1MB / 7.95MB,139MB / 53.9MB
rules-processing,2025-12-23_15:06:49,99.26%,189.8MiB / 7.654GiB,2.42%,18.2MB / 8MB,139MB / 53.9MB
rules-processing,2025-12-23_15:07:01,100.86%,190MiB / 7.654GiB,2.42%,18.3MB / 8.06MB,139MB / 53.9MB
rules-processing,2025-12-23_15:07:13,78.47%,190.1MiB / 7.654GiB,2.43%,18.5MB / 8.13MB,139MB / 53.9MB
rules-processing,2025-12-23_15:07:25,108.55%,190.3MiB / 7.654GiB,2.43%,18.6MB / 8.19MB,139MB / 53.9MB
rules-processing,2025-12-23_15:07:37,87.16%,190.4MiB / 7.654GiB,2.43%,18.7MB / 8.22MB,139MB / 53.9MB
rules-processing,2025-12-23_15:07:48,87.70%,190.8MiB / 7.654GiB,2.43%,18.8MB / 8.28MB,139MB / 53.9MB
rules-processing,2025-12-23_15:08:00,107.56%,189MiB / 7.654GiB,2.41%,19MB / 8.33MB,139MB / 55.7MB
rules-processing,2025-12-23_15:08:12,99.86%,189.4MiB / 7.654GiB,2.42%,19.1MB / 8.38MB,139MB / 55.9MB
rules-processing,2025-12-23_15:08:24,109.52%,191.1MiB / 7.654GiB,2.44%,19.2MB / 8.43MB,139MB / 56.4MB
rules-processing,2025-12-23_15:08:36,89.11%,188.3MiB / 7.654GiB,2.40%,19.3MB / 8.47MB,139MB / 56.4MB
rules-processing,2025-12-23_15:08:47,87.19%,188.7MiB / 7.654GiB,2.41%,19.4MB / 8.53MB,139MB / 56.4MB
rules-processing,2025-12-23_15:08:59,103.96%,188.6MiB / 7.654GiB,2.41%,19.6MB / 8.6MB,139MB / 56.5MB
rules-processing,2025-12-23_15:09:12,92.61%,188.8MiB / 7.654GiB,2.41%,19.7MB / 8.66MB,139MB / 56.5MB
rules-processing,2025-12-23_15:09:24,85.54%,188.9MiB / 7.654GiB,2.41%,19.9MB / 8.71MB,139MB / 56.5MB
rules-processing,2025-12-23_15:09:36,96.08%,189.1MiB / 7.654GiB,2.41%,20MB / 8.76MB,139MB / 56.5MB
rules-processing,2025-12-23_15:09:47,100.44%,189.2MiB / 7.654GiB,2.41%,20.1MB / 8.82MB,139MB / 56.5MB
rules-processing,2025-12-23_15:09:59,117.57%,189.4MiB / 7.654GiB,2.42%,20.3MB / 8.88MB,139MB / 56.5MB
rules-processing,2025-12-23_15:10:13,99.19%,189.5MiB / 7.654GiB,2.42%,20.4MB / 8.94MB,139MB / 56.5MB
rules-processing,2025-12-23_15:10:25,106.76%,192.2MiB / 7.654GiB,2.45%,20.6MB / 9.01MB,139MB / 56.5MB
rules-processing,2025-12-23_15:10:36,96.58%,190.1MiB / 7.654GiB,2.43%,20.7MB / 9.07MB,139MB / 56.5MB
rules-processing,2025-12-23_15:10:48,97.70%,190MiB / 7.654GiB,2.42%,20.8MB / 9.13MB,139MB / 56.5MB
rules-processing,2025-12-23_15:11:00,105.53%,190.1MiB / 7.654GiB,2.43%,21MB / 9.19MB,139MB / 56.5MB
rules-processing,2025-12-23_15:11:12,97.11%,192.1MiB / 7.654GiB,2.45%,21.1MB / 9.25MB,139MB / 56.5MB
rules-processing,2025-12-23_15:11:24,102.07%,191.7MiB / 7.654GiB,2.45%,21.3MB / 9.31MB,139MB / 56.6MB
rules-processing,2025-12-23_15:11:36,98.55%,190.6MiB / 7.654GiB,2.43%,21.4MB / 9.38MB,139MB / 56.6MB
rules-processing,2025-12-23_15:11:47,106.27%,191MiB / 7.654GiB,2.44%,21.5MB / 9.44MB,139MB / 56.6MB
rules-processing,2025-12-23_15:11:59,100.44%,190.9MiB / 7.654GiB,2.44%,21.7MB / 9.48MB,139MB / 56.6MB
rules-processing,2025-12-23_15:12:11,100.01%,191MiB / 7.654GiB,2.44%,21.8MB / 9.55MB,139MB / 56.6MB
rules-processing,2025-12-23_15:12:23,97.54%,193.7MiB / 7.654GiB,2.47%,21.9MB / 9.62MB,140MB / 58.9MB
rules-processing,2025-12-23_15:12:35,100.76%,195.1MiB / 7.654GiB,2.49%,22.1MB / 9.69MB,140MB / 59.5MB
rules-processing,2025-12-23_15:12:46,106.68%,195MiB / 7.654GiB,2.49%,22.3MB / 9.77MB,140MB / 59.5MB
rules-processing,2025-12-23_15:12:58,104.24%,195.4MiB / 7.654GiB,2.49%,22.4MB / 9.84MB,140MB / 59.6MB
rules-processing,2025-12-23_15:13:10,98.36%,195.7MiB / 7.654GiB,2.50%,22.6MB / 9.92MB,140MB / 59.6MB
rules-processing,2025-12-23_15:13:22,104.27%,195.9MiB / 7.654GiB,2.50%,22.8MB / 10MB,140MB / 59.6MB
rules-processing,2025-12-23_15:13:34,100.27%,196.1MiB / 7.654GiB,2.50%,22.9MB / 10.1MB,140MB / 59.6MB
rules-processing,2025-12-23_15:13:46,101.94%,196MiB / 7.654GiB,2.50%,23.1MB / 10.2MB,140MB / 59.6MB
rules-processing,2025-12-23_15:13:57,95.74%,196.3MiB / 7.654GiB,2.50%,23.2MB / 10.2MB,140MB / 59.6MB
rules-processing,2025-12-23_15:14:09,104.56%,196.4MiB / 7.654GiB,2.51%,23.4MB / 10.3MB,140MB / 59.6MB
rules-processing,2025-12-23_15:14:21,101.10%,196.9MiB / 7.654GiB,2.51%,23.5MB / 10.4MB,140MB / 59.6MB
rules-processing,2025-12-23_15:14:33,94.20%,196.9MiB / 7.654GiB,2.51%,23.7MB / 10.4MB,140MB / 59.6MB
rules-processing,2025-12-23_15:14:45,91.10%,196.8MiB / 7.654GiB,2.51%,23.8MB / 10.5MB,140MB / 59.6MB
rules-processing,2025-12-23_15:14:56,98.27%,197.2MiB / 7.654GiB,2.52%,23.9MB / 10.5MB,140MB / 59.6MB
rules-processing,2025-12-23_15:15:08,107.21%,197MiB / 7.654GiB,2.51%,24.1MB / 10.6MB,140MB / 59.8MB
rules-processing,2025-12-23_15:15:20,96.93%,196.1MiB / 7.654GiB,2.50%,24.2MB / 10.7MB,140MB / 60.7MB
rules-processing,2025-12-23_15:15:32,99.81%,199.9MiB / 7.654GiB,2.55%,24.4MB / 10.7MB,141MB / 61.1MB
rules-processing,2025-12-23_15:15:44,104.62%,190.1MiB / 7.654GiB,2.43%,24.5MB / 10.8MB,142MB / 61.2MB
rules-processing,2025-12-23_15:15:56,97.58%,190.4MiB / 7.654GiB,2.43%,24.7MB / 10.9MB,142MB / 61.2MB
rules-processing,2025-12-23_15:16:08,106.80%,190.4MiB / 7.654GiB,2.43%,24.8MB / 10.9MB,142MB / 61.2MB
rules-processing,2025-12-23_15:16:19,98.44%,190.8MiB / 7.654GiB,2.43%,25MB / 11MB,142MB / 61.2MB
rules-processing,2025-12-23_15:16:31,102.34%,190.7MiB / 7.654GiB,2.43%,25.1MB / 11.1MB,142MB / 61.2MB
rules-processing,2025-12-23_15:16:43,109.77%,191.1MiB / 7.654GiB,2.44%,25.3MB / 11.1MB,142MB / 61.3MB
rules-processing,2025-12-23_15:16:55,96.31%,191.3MiB / 7.654GiB,2.44%,25.4MB / 11.2MB,142MB / 61.3MB
rules-processing,2025-12-23_15:17:06,109.94%,193MiB / 7.654GiB,2.46%,25.6MB / 11.3MB,142MB / 61.3MB
rules-processing,2025-12-23_15:17:18,101.94%,191.3MiB / 7.654GiB,2.44%,25.7MB / 11.4MB,142MB / 61.3MB
rules-processing,2025-12-23_15:17:29,96.18%,191.5MiB / 7.654GiB,2.44%,25.9MB / 11.4MB,142MB / 61.3MB
rules-processing,2025-12-23_15:17:42,95.78%,191.6MiB / 7.654GiB,2.45%,26.1MB / 11.5MB,142MB / 61.3MB
rules-processing,2025-12-23_15:17:54,95.47%,192MiB / 7.654GiB,2.45%,26.2MB / 11.6MB,142MB / 61.3MB
rules-processing,2025-12-23_15:18:06,107.90%,192MiB / 7.654GiB,2.45%,26.3MB / 11.6MB,142MB / 61.3MB
rules-processing,2025-12-23_15:18:17,87.29%,192.2MiB / 7.654GiB,2.45%,26.5MB / 11.7MB,142MB / 61.5MB
rules-processing,2025-12-23_15:18:29,103.46%,192MiB / 7.654GiB,2.45%,26.6MB / 11.8MB,142MB / 61.8MB
rules-processing,2025-12-23_15:18:41,113.74%,195.6MiB / 7.654GiB,2.50%,26.8MB / 11.8MB,142MB / 61.8MB
rules-processing,2025-12-23_15:18:53,101.13%,196MiB / 7.654GiB,2.50%,26.9MB / 11.9MB,142MB / 61.8MB
rules-processing,2025-12-23_15:19:05,105.57%,198.1MiB / 7.654GiB,2.53%,27.1MB / 12MB,142MB / 61.8MB
rules-processing,2025-12-23_15:19:16,86.69%,196.3MiB / 7.654GiB,2.50%,27.2MB / 12MB,142MB / 61.8MB
rules-processing,2025-12-23_15:19:28,104.44%,196.4MiB / 7.654GiB,2.51%,27.4MB / 12.1MB,142MB / 61.8MB
rules-processing,2025-12-23_15:19:40,101.39%,196.6MiB / 7.654GiB,2.51%,27.5MB / 12.2MB,142MB / 61.8MB
rules-processing,2025-12-23_15:19:52,98.59%,195.8MiB / 7.654GiB,2.50%,27.7MB / 12.2MB,142MB / 61.8MB
rules-processing,2025-12-23_15:20:04,102.04%,196.9MiB / 7.654GiB,2.51%,27.8MB / 12.3MB,142MB / 61.8MB
rules-processing,2025-12-23_15:20:16,110.19%,197MiB / 7.654GiB,2.51%,28MB / 12.4MB,142MB / 61.8MB
rules-processing,2025-12-23_15:20:28,105.18%,196.2MiB / 7.654GiB,2.50%,28.1MB / 12.4MB,142MB / 61.9MB
rules-processing,2025-12-23_15:20:39,109.31%,196.5MiB / 7.654GiB,2.51%,28.3MB / 12.5MB,142MB / 61.9MB
rules-processing,2025-12-23_15:20:51,107.54%,199.5MiB / 7.654GiB,2.55%,28.4MB / 12.6MB,142MB / 61.9MB
rules-processing,2025-12-23_15:21:03,98.87%,197.1MiB / 7.654GiB,2.51%,28.6MB / 12.6MB,142MB / 61.9MB
rules-processing,2025-12-23_15:21:15,111.29%,198.8MiB / 7.654GiB,2.54%,28.7MB / 12.7MB,142MB / 61.9MB
rules-processing,2025-12-23_15:21:26,95.74%,197.5MiB / 7.654GiB,2.52%,28.8MB / 12.8MB,142MB / 61.9MB
rules-processing,2025-12-23_15:21:38,107.75%,198.4MiB / 7.654GiB,2.53%,29MB / 12.8MB,142MB / 61.9MB
rules-processing,2025-12-23_15:21:50,98.16%,198.5MiB / 7.654GiB,2.53%,29.1MB / 12.9MB,142MB / 62MB
rules-processing,2025-12-23_15:22:02,96.69%,196.3MiB / 7.654GiB,2.50%,29.2MB / 12.9MB,143MB / 64.3MB
rules-processing,2025-12-23_15:22:15,101.65%,197.6MiB / 7.654GiB,2.52%,29.4MB / 13MB,143MB / 64.3MB
rules-processing,2025-12-23_15:22:26,77.65%,202.1MiB / 7.654GiB,2.58%,29.5MB / 13MB,143MB / 64.7MB
rules-processing,2025-12-23_15:22:38,96.29%,202.3MiB / 7.654GiB,2.58%,29.6MB / 13.1MB,143MB / 64.7MB
rules-processing,2025-12-23_15:22:50,102.09%,202.3MiB / 7.654GiB,2.58%,29.8MB / 13.1MB,143MB / 64.7MB
rules-processing,2025-12-23_15:23:02,99.59%,205MiB / 7.654GiB,2.62%,29.9MB / 13.2MB,143MB / 64.7MB
rules-processing,2025-12-23_15:23:14,99.44%,202.8MiB / 7.654GiB,2.59%,30MB / 13.3MB,143MB / 64.7MB
rules-processing,2025-12-23_15:23:26,100.58%,202.7MiB / 7.654GiB,2.59%,30.2MB / 13.3MB,143MB / 64.7MB
rules-processing,2025-12-23_15:23:38,80.58%,202.9MiB / 7.654GiB,2.59%,30.3MB / 13.4MB,143MB / 64.7MB
rules-processing,2025-12-23_15:23:50,102.33%,203.2MiB / 7.654GiB,2.59%,30.4MB / 13.4MB,143MB / 64.7MB
rules-processing,2025-12-23_15:24:02,87.80%,203.2MiB / 7.654GiB,2.59%,30.6MB / 13.5MB,143MB / 64.7MB
rules-processing,2025-12-23_15:24:15,103.66%,203.6MiB / 7.654GiB,2.60%,30.7MB / 13.5MB,143MB / 64.7MB
rules-processing,2025-12-23_15:24:26,94.01%,203.5MiB / 7.654GiB,2.60%,30.8MB / 13.6MB,143MB / 64.7MB
rules-processing,2025-12-23_15:24:38,104.02%,203.7MiB / 7.654GiB,2.60%,31MB / 13.6MB,143MB / 64.8MB
rules-processing,2025-12-23_15:24:50,101.93%,204.1MiB / 7.654GiB,2.60%,31.1MB / 13.7MB,143MB / 64.8MB
rules-processing,2025-12-23_15:25:02,92.94%,204MiB / 7.654GiB,2.60%,31.2MB / 13.8MB,143MB / 64.8MB
rules-processing,2025-12-23_15:25:15,114.95%,204.2MiB / 7.654GiB,2.61%,31.4MB / 13.8MB,143MB / 64.8MB
rules-processing,2025-12-23_15:25:26,101.89%,204.3MiB / 7.654GiB,2.61%,31.5MB / 13.9MB,143MB / 64.8MB
rules-processing,2025-12-23_15:25:38,102.48%,206.5MiB / 7.654GiB,2.63%,31.7MB / 14MB,143MB / 64.8MB
rules-processing,2025-12-23_15:25:50,105.29%,205.8MiB / 7.654GiB,2.63%,31.9MB / 14.1MB,143MB / 64.8MB
rules-processing,2025-12-23_15:26:02,100.68%,204.8MiB / 7.654GiB,2.61%,32.1MB / 14.2MB,143MB / 64.8MB
rules-processing,2025-12-23_15:26:14,105.97%,205.2MiB / 7.654GiB,2.62%,32.2MB / 14.2MB,143MB / 64.8MB
rules-processing,2025-12-23_15:26:26,97.67%,205.4MiB / 7.654GiB,2.62%,32.4MB / 14.3MB,143MB / 64.8MB
rules-processing,2025-12-23_15:26:38,100.96%,205.2MiB / 7.654GiB,2.62%,32.5MB / 14.4MB,143MB / 64.8MB
rules-processing,2025-12-23_15:26:49,82.08%,205.6MiB / 7.654GiB,2.62%,32.6MB / 14.4MB,143MB / 64.9MB
rules-processing,2025-12-23_15:27:01,98.89%,205.8MiB / 7.654GiB,2.63%,32.8MB / 14.5MB,143MB / 64.9MB
rules-processing,2025-12-23_15:27:14,101.80%,206.3MiB / 7.654GiB,2.63%,33MB / 14.6MB,143MB / 64.9MB
rules-processing,2025-12-23_15:27:25,106.83%,205.9MiB / 7.654GiB,2.63%,33.1MB / 14.7MB,143MB / 64.9MB
rules-processing,2025-12-23_15:27:37,103.84%,199.1MiB / 7.654GiB,2.54%,33.3MB / 14.7MB,143MB / 64.9MB
rules-processing,2025-12-23_15:27:48,102.40%,199.5MiB / 7.654GiB,2.55%,33.4MB / 14.8MB,143MB / 65MB
rules-processing,2025-12-23_15:28:00,97.65%,199.4MiB / 7.654GiB,2.54%,33.6MB / 14.9MB,143MB / 65MB
rules-processing,2025-12-23_15:28:12,93.47%,199.6MiB / 7.654GiB,2.55%,33.8MB / 15MB,143MB / 65MB
rules-processing,2025-12-23_15:28:24,97.95%,199.7MiB / 7.654GiB,2.55%,34MB / 15.1MB,143MB / 65MB
rules-processing,2025-12-23_15:28:36,104.20%,200.1MiB / 7.654GiB,2.55%,34.1MB / 15.2MB,143MB / 65MB
rules-processing,2025-12-23_15:28:48,93.29%,200.3MiB / 7.654GiB,2.56%,34.3MB / 15.3MB,143MB / 65MB
rules-processing,2025-12-23_15:28:59,100.02%,200.2MiB / 7.654GiB,2.56%,34.5MB / 15.3MB,143MB / 65MB
rules-processing,2025-12-23_15:29:11,106.02%,200.4MiB / 7.654GiB,2.56%,34.7MB / 15.4MB,143MB / 65MB
rules-processing,2025-12-23_15:29:23,121.97%,200.5MiB / 7.654GiB,2.56%,34.9MB / 15.5MB,143MB / 65MB
rules-processing,2025-12-23_15:29:35,100.73%,200.7MiB / 7.654GiB,2.56%,35MB / 15.6MB,143MB / 65MB
rules-processing,2025-12-23_15:29:46,110.15%,201.1MiB / 7.654GiB,2.57%,35.2MB / 15.7MB,143MB / 65MB
rules-processing,2025-12-23_15:29:58,105.15%,201MiB / 7.654GiB,2.56%,35.3MB / 15.7MB,143MB / 65.1MB
rules-processing,2025-12-23_15:30:10,94.18%,201.4MiB / 7.654GiB,2.57%,35.5MB / 15.8MB,143MB / 65.1MB
rules-processing,2025-12-23_15:30:23,92.71%,201.4MiB / 7.654GiB,2.57%,35.6MB / 15.9MB,143MB / 65.1MB
rules-processing,2025-12-23_15:30:34,101.31%,201.6MiB / 7.654GiB,2.57%,35.8MB / 15.9MB,143MB / 65.1MB
rules-processing,2025-12-23_15:30:46,100.53%,201.6MiB / 7.654GiB,2.57%,35.9MB / 16MB,143MB / 65.1MB
rules-processing,2025-12-23_15:30:58,100.84%,202.8MiB / 7.654GiB,2.59%,36.1MB / 16.1MB,143MB / 65.1MB
rules-processing,2025-12-23_15:31:10,89.52%,201.9MiB / 7.654GiB,2.58%,36.3MB / 16.2MB,143MB / 65.1MB
rules-processing,2025-12-23_15:31:21,100.84%,202.4MiB / 7.654GiB,2.58%,36.4MB / 16.2MB,144MB / 65.1MB
rules-processing,2025-12-23_15:31:33,104.73%,202.3MiB / 7.654GiB,2.58%,36.6MB / 16.3MB,144MB / 65.1MB
rules-processing,2025-12-23_15:31:45,99.41%,202.4MiB / 7.654GiB,2.58%,36.8MB / 16.4MB,144MB / 65.1MB
rules-processing,2025-12-23_15:31:57,101.14%,202.6MiB / 7.654GiB,2.59%,36.9MB / 16.5MB,144MB / 65.2MB
rules-processing,2025-12-23_15:32:08,99.75%,202.7MiB / 7.654GiB,2.59%,37.1MB / 16.6MB,144MB / 65.2MB
rules-processing,2025-12-23_15:32:20,92.74%,202.9MiB / 7.654GiB,2.59%,37.2MB / 16.6MB,144MB / 65.2MB
rules-processing,2025-12-23_15:32:33,102.02%,203.3MiB / 7.654GiB,2.59%,37.3MB / 16.7MB,144MB / 65.2MB
rules-processing,2025-12-23_15:32:44,98.21%,203.2MiB / 7.654GiB,2.59%,37.5MB / 16.8MB,144MB / 65.2MB
rules-processing,2025-12-23_15:32:56,105.68%,203.6MiB / 7.654GiB,2.60%,37.7MB / 16.9MB,144MB / 65.2MB
rules-processing,2025-12-23_15:33:08,98.83%,203.5MiB / 7.654GiB,2.60%,37.9MB / 17MB,144MB / 65.2MB
rules-processing,2025-12-23_15:33:19,107.29%,207.6MiB / 7.654GiB,2.65%,38.1MB / 17MB,144MB / 65.2MB
rules-processing,2025-12-23_15:33:31,94.96%,207.7MiB / 7.654GiB,2.65%,38.2MB / 17.1MB,144MB / 65.2MB
rules-processing,2025-12-23_15:33:43,103.98%,210.8MiB / 7.654GiB,2.69%,38.4MB / 17.2MB,144MB / 65.2MB
rules-processing,2025-12-23_15:33:55,112.49%,211.9MiB / 7.654GiB,2.70%,38.6MB / 17.3MB,144MB / 65.2MB
rules-processing,2025-12-23_15:34:07,98.44%,212.6MiB / 7.654GiB,2.71%,38.7MB / 17.4MB,144MB / 65.3MB
